City_ID,City,Country,Lat,Lng,Max Temp,Humidity,Cloudiness,Wind Speed,Current Description
0,Mangalia,RO,43.8,28.5833,50.68,73,51,3.53,broken clouds
1,Hilo,US,19.7297,-155.09,81.25,83,0,11.5,clear sky
2,Albany,US,42.6001,-73.9662,34.57,67,62,1.01,broken clouds
3,Souillac,MU,-20.5167,57.5167,61.18,88,20,6.91,few clouds
4,Saint-Philippe,RE,-21.3585,55.7679,69.39,72,23,3.78,few clouds
5,Nanortalik,GL,60.1432,-45.2371,22.82,72,100,3.91,overcast clouds
6,Arraial Do Cabo,BR,-22.9661,-42.0278,71.22,73,0,6.24,clear sky
7,Mataura,NZ,-46.1927,168.8643,58.48,59,92,1.43,overcast clouds
8,Khatanga,RU,71.9667,102.5,-21.87,89,99,9.15,overcast clouds
9,Mattru,SL,7.6244,-11.8332,73.22,92,62,0.29,broken clouds
10,Hobart,AU,-42.8794,147.3294,67.23,63,20,11.5,few clouds
11,Tuatapere,NZ,-46.1333,167.6833,56.19,90,99,3.65,overcast clouds
12,Bethel,US,41.3712,-73.414,37.76,62,0,6.91,clear sky
13,Dong Hoi,VN,17.4833,106.6,79.75,84,67,4.27,broken clouds
14,Ribeira Grande,PT,38.5167,-28.7,56.77,70,17,1.99,few clouds
15,Hualmay,PE,-11.0964,-77.6139,64.45,83,46,7.16,scattered clouds
16,Chokurdakh,RU,70.6333,147.9167,-11.9,98,100,4.34,overcast clouds
17,Cidreira,BR,-30.1811,-50.2056,66.72,83,19,8.52,few clouds
18,Salekhard,RU,66.53,66.6019,12.04,86,12,13.51,few clouds
19,Severo-Kurilsk,RU,50.6789,156.125,35.02,68,100,15.52,overcast clouds
20,Perene,PE,-10.9492,-75.2261,69.98,88,73,2.24,light rain
21,Qaanaaq,GL,77.484,-69.3632,-16.22,71,4,7.31,clear sky
22,Ulladulla,AU,-35.35,150.4667,63.61,54,18,9.55,few clouds
23,Jinchang,CN,38.4953,102.1739,40.32,25,84,7.43,broken clouds
24,Dingle,PH,10.9995,122.6711,79.57,89,100,12.71,overcast clouds
25,Avera,US,33.194,-82.5271,38.71,47,9,7.4,clear sky
26,Cabra,ES,37.4725,-4.4421,58.51,95,89,6.6,overcast clouds
27,Yar-Sale,RU,66.8333,70.8333,14.23,82,70,21.12,broken clouds
28,Punta Arenas,CL,-53.15,-70.9167,48.31,61,20,16.11,few clouds
29,Ostrovnoy,RU,68.0531,39.5131,37.22,74,100,15.01,overcast clouds
30,Provideniya,RU,64.3833,-173.3,32.36,93,100,15.99,fog
31,Carnarvon,AU,-24.8667,113.6333,67.5,57,96,19.15,overcast clouds
32,Atuona,PF,-9.8,-139.0333,78.28,75,95,15.9,overcast clouds
33,Alta Floresta,BR,-9.8756,-56.0861,71.04,95,43,3.89,scattered clouds
34,Tefe,BR,-3.3542,-64.7114,73.26,98,100,2.48,light rain
35,Butaritari,KI,3.0707,172.7902,80.92,75,71,13.2,broken clouds
36,Aquiraz,BR,-3.9014,-38.3911,80.69,76,25,10.0,scattered clouds
37,Miraflores,MX,19.2167,-98.8083,63.25,73,66,2.53,broken clouds
38,Ancud,CL,-41.8697,-73.8203,54.61,96,100,4.0,overcast clouds
39,Beringovskiy,RU,63.05,179.3167,25.74,94,99,2.13,light snow
40,Longyearbyen,SJ,78.2186,15.6401,24.64,93,100,0.0,light snow
41,Vaini,TO,-21.2,-175.2,82.56,74,40,8.05,scattered clouds
42,Lucea,JM,18.451,-78.1736,80.46,82,34,9.66,scattered clouds
43,Tucuma,BR,-0.1833,-50.05,76.6,91,99,6.55,overcast clouds
44,Saskylakh,RU,71.9167,114.0833,-36.2,100,21,3.69,few clouds
45,Chateaubelair,VC,13.2833,-61.25,78.85,79,26,13.0,scattered clouds
46,Ushuaia,AR,-54.8,-68.3,51.46,37,20,12.66,few clouds
47,Raudeberg,NO,61.9875,5.1352,47.07,43,2,7.16,clear sky
48,Develi,TR,38.3906,35.4922,36.75,83,76,4.21,broken clouds
49,Nikolskoye,RU,59.7035,30.7861,26.49,84,10,6.24,clear sky
50,Lakatoro,VU,-16.0999,167.4164,85.46,66,15,7.72,few clouds
51,Moron,AR,-34.6534,-58.6198,74.97,69,96,12.84,overcast clouds
52,Thompson,CA,55.7435,-97.8558,5.16,78,100,14.97,overcast clouds
53,Woodstock,CA,43.1334,-80.7497,28.87,87,100,15.01,overcast clouds
54,Victoria,HK,22.2855,114.1577,81.97,81,1,5.01,clear sky
55,Manzhouli,CN,49.6,117.4333,25.65,70,96,3.94,overcast clouds
56,Bluff,NZ,-46.6,168.3333,58.8,86,97,13.13,overcast clouds
57,Port Alfred,ZA,-33.5906,26.891,62.19,94,100,7.38,overcast clouds
58,North Bend,US,43.4065,-124.2243,49.91,53,0,6.91,clear sky
59,Avarua,CK,-21.2078,-159.775,78.85,78,75,16.11,broken clouds
60,Treinta Y Tres,UY,-33.2333,-54.3833,64.96,53,80,5.59,broken clouds
61,Lynn Haven,US,30.2455,-85.6483,50.05,61,93,4.0,overcast clouds
62,Tiksi,RU,71.6872,128.8694,-2.24,88,100,5.1,overcast clouds
63,Coahuayana,MX,18.7333,-103.6833,75.6,92,1,1.61,clear sky
64,Castro,BR,-24.7911,-50.0119,51.28,67,0,4.76,clear sky
65,Shelburne,CA,44.0787,-80.2041,27.75,93,100,14.58,overcast clouds
66,Weligama,LK,5.9667,80.4167,76.8,83,74,3.24,broken clouds
67,Rikitea,PF,-23.1203,-134.9692,70.05,91,100,11.7,moderate rain
68,Knysna,ZA,-34.0363,23.0471,56.5,85,98,2.89,overcast clouds
69,Christchurch,NZ,-43.5333,172.6333,61.0,88,100,11.5,overcast clouds
70,Tilichiki,RU,60.4667,166.1,6.94,93,43,6.51,scattered clouds
71,Port Elizabeth,ZA,-33.918,25.5701,63.1,94,100,3.44,overcast clouds
72,Catio,GW,11.2833,-15.25,79.32,84,100,2.26,overcast clouds
73,Baraboo,US,43.4711,-89.7443,28.54,76,100,8.05,overcast clouds
74,Mahebourg,MU,-20.4081,57.7,71.26,88,20,6.91,few clouds
75,San Ignacio,BZ,17.1561,-89.0714,73.54,94,75,0.0,broken clouds
76,Tautira,PF,-17.7333,-149.15,76.77,85,68,8.95,light rain
77,Neuquen,AR,-38.9516,-68.0591,74.48,47,67,7.25,broken clouds
78,Lebanon,US,36.2081,-86.2911,34.45,80,0,0.0,clear sky
79,Yellowknife,CA,62.456,-114.3525,18.12,67,40,15.01,scattered clouds
80,Hithadhoo,MV,-0.6,73.0833,81.18,75,9,13.82,clear sky
81,Rincon De La Victoria,ES,36.7172,-4.2758,64.85,89,94,7.52,overcast clouds
82,Tuktoyaktuk,CA,69.4541,-133.0374,26.6,74,75,2.3,broken clouds
83,Bredasdorp,ZA,-34.5322,20.0403,57.6,69,100,1.86,overcast clouds
84,Gao,ML,16.6362,1.637,67.44,17,5,11.23,clear sky
85,Huilong,CN,31.8111,121.655,64.92,78,79,15.01,broken clouds
86,Cape Town,ZA,-33.9258,18.4232,59.92,74,0,5.75,clear sky
87,Dikson,RU,73.5069,80.5464,0.05,94,100,23.78,light snow
88,Barrow,US,71.2906,-156.7887,28.42,86,0,12.66,clear sky
89,Makat,KZ,47.6469,53.3463,37.81,84,85,14.52,overcast clouds
90,Naze,JP,28.3667,129.4833,68.92,82,50,1.88,scattered clouds
91,Sorong,ID,-0.8833,131.25,84.09,73,100,4.54,overcast clouds
92,Fortuna,US,40.5982,-124.1573,46.98,92,93,3.65,overcast clouds
93,Airai,TL,-8.9266,125.4092,78.24,47,23,1.52,few clouds
94,West Monroe,US,32.5185,-92.1476,35.6,80,0,0.0,clear sky
95,New Norfolk,AU,-42.7826,147.0587,66.88,46,32,3.0,scattered clouds
96,Cairns,AU,-16.9167,145.7667,98.06,62,24,12.66,few clouds
97,Cayenne,GF,4.9333,-52.3333,78.84,83,0,3.44,clear sky
98,Muravlenko,RU,63.7898,74.523,8.76,78,100,28.68,overcast clouds
99,Tomatlan,MX,19.9333,-105.25,70.34,87,0,2.8,clear sky
100,Jamestown,US,42.097,-79.2353,30.02,71,100,21.85,overcast clouds
101,Geraldton,AU,-28.7667,114.6,68.41,45,75,23.02,broken clouds
102,Saint George,US,37.1041,-113.5841,46.8,36,0,4.61,clear sky
103,Tuy Hoa,VN,13.0833,109.3,80.42,85,99,9.69,overcast clouds
104,Hermanus,ZA,-34.4187,19.2345,51.8,71,93,4.16,overcast clouds
105,Sitka,US,57.0531,-135.33,39.09,81,0,0.0,clear sky
106,Bonavista,CA,48.6499,-53.1147,40.21,77,100,25.32,overcast clouds
107,Tucuman,AR,-26.8241,-65.2226,82.4,34,0,8.05,clear sky
108,Chicama,PE,-7.8447,-79.1469,61.34,83,72,5.53,broken clouds
109,Camargo,MX,27.6667,-105.1667,52.2,46,0,2.75,clear sky
110,Puerto Ayora,EC,-0.7393,-90.3518,69.55,90,8,7.0,clear sky
111,Rialma,BR,-15.315,-49.5844,74.8,54,57,3.33,moderate rain
112,Bambous Virieux,MU,-20.3428,57.7575,71.22,88,20,6.91,few clouds
113,Santa Cruz,BO,-17.8,-63.1667,74.66,69,1,8.05,clear sky
114,Tungor,RU,53.3808,142.9564,23.61,78,100,6.33,overcast clouds
115,Palmer,US,42.1584,-72.3287,36.01,58,20,10.36,few clouds
116,Karratha,AU,-20.7377,116.8463,81.23,27,59,14.41,broken clouds
117,Nenjiang,CN,49.1833,125.2167,31.37,53,2,4.59,clear sky
118,Tequixquitla,MX,19.3278,-97.65,53.19,79,99,7.29,overcast clouds
119,Dunedin,NZ,-45.8742,170.5036,58.8,75,94,1.99,light rain
120,Pevek,RU,69.7008,170.3133,-6.7,98,100,5.66,overcast clouds
121,Hasaki,JP,35.7333,140.8333,65.21,55,87,9.6,overcast clouds
122,Waipawa,NZ,-41.4122,175.5153,61.88,88,72,12.48,broken clouds
123,Narsaq,GL,60.9167,-46.05,17.82,95,100,1.5,light snow
124,Kaitangata,NZ,-46.2817,169.8464,59.04,72,87,8.79,overcast clouds
125,Sur,OM,22.5667,59.5289,73.67,69,3,7.25,clear sky
126,Asau,RO,46.4333,26.4,41.54,91,95,3.65,overcast clouds
127,Ossora,RU,59.2353,163.0719,16.68,79,1,6.98,clear sky
128,Dawlatabad,AF,36.4141,64.9053,58.46,35,91,0.94,overcast clouds
129,Itarema,BR,-2.9248,-39.9167,78.94,78,40,12.55,scattered clouds
130,Pemangkat,ID,1.1667,108.9667,79.36,84,100,5.88,light rain
131,Karatau,KZ,43.1667,70.4667,31.28,78,100,2.91,overcast clouds
132,Ambilobe,MG,-13.2,49.05,73.15,85,0,2.3,clear sky
133,Nome,US,64.5011,-165.4064,35.67,93,100,12.66,light rain
134,Upernavik,GL,72.7868,-56.1549,10.27,71,56,4.36,broken clouds
135,Mount Isa,AU,-20.7333,139.5,91.17,17,1,9.22,clear sky
136,Lat Yao,TH,15.751,99.7893,82.72,77,92,1.79,overcast clouds
137,Zhoucheng,CN,35.9122,116.3117,57.47,70,100,3.87,overcast clouds
138,Port Lincoln,AU,-34.7333,135.8667,68.68,53,100,21.63,light rain
139,Chipinge,ZW,-20.1883,32.6236,62.2,64,0,3.67,clear sky
140,Conde,BR,-7.2597,-34.9075,76.46,88,40,4.61,scattered clouds
141,Kavieng,PG,-2.5744,150.7967,85.24,63,93,10.87,overcast clouds
142,Ponferrada,ES,42.5466,-6.5962,48.81,94,100,1.99,overcast clouds
143,Letka,RU,59.6011,49.4232,12.09,88,7,4.56,clear sky
144,Yeppoon,AU,-23.1333,150.7333,82.18,55,52,11.9,broken clouds
145,Troitsko-Pechorsk,RU,62.7084,56.1964,9.45,91,100,9.44,overcast clouds
146,Nagato,JP,34.3833,131.2,63.55,50,0,7.16,clear sky
147,Igrim,RU,63.1906,64.4162,13.41,74,100,17.74,overcast clouds
148,Kimbe,PG,-5.5502,150.1429,85.05,72,100,5.53,light rain
149,Lebu,CL,-37.6167,-73.65,56.39,95,99,6.98,overcast clouds
150,Cabo San Lucas,MX,22.8909,-109.9124,73.71,73,0,2.3,clear sky
151,Olafsvik,IS,64.8945,-23.7142,44.15,87,97,13.18,overcast clouds
152,Faya,SA,18.3851,42.4509,54.12,73,0,2.08,clear sky
153,Palauig,PH,15.435,119.9045,85.03,67,100,0.72,overcast clouds
154,Sabang,ID,5.8933,95.3214,82.04,73,100,15.75,moderate rain
155,Noumea,NC,-22.2763,166.4572,84.18,78,78,12.03,broken clouds
156,Inhambane,MZ,-23.865,35.3833,74.12,69,2,7.9,clear sky
157,Lyubuchany,RU,55.2511,37.5456,25.29,93,100,10.58,light snow
158,Sao Filipe,CV,14.8961,-24.4956,78.55,75,80,3.74,broken clouds
159,Vernon,CA,50.2581,-119.2691,32.36,75,22,1.14,few clouds
160,Praya,CV,14.9215,-23.5087,77.54,78,20,20.71,few clouds
161,Esperance,AU,-33.8667,121.9,63.95,44,54,10.67,broken clouds
162,Ilulissat,GL,69.2167,-51.1,19.42,86,100,0.0,light snow
163,Cedar City,US,37.6775,-113.0619,34.39,60,0,6.91,clear sky
164,Tall Kayf,TR,37.0833,41.0667,50.34,80,17,2.73,few clouds
165,Balkhash,KZ,46.844,74.9804,20.01,86,40,8.95,scattered clouds
166,Te Anau,NZ,-45.4167,167.7167,61.02,73,99,3.74,overcast clouds
167,Rehoboth,NA,-23.3167,17.0833,69.12,13,48,1.7,scattered clouds
168,Adelaide,AU,-34.9333,138.6,71.85,45,0,20.71,light rain
169,Alice Springs,AU,-23.7,133.8833,85.55,42,75,21.85,broken clouds
170,Vila Franca Do Campo,PT,37.7167,-25.4333,59.2,73,11,2.75,few clouds
171,Margate,GB,51.3813,1.3862,47.1,86,93,4.0,light rain
172,Algiers,DZ,36.7525,3.042,67.82,64,20,3.44,few clouds
173,Saldanha,ZA,-33.0117,17.9442,51.85,72,78,14.38,broken clouds
174,Sahuaripa,MX,29.05,-109.2333,59.27,41,2,3.11,clear sky
175,Nantucket,US,41.2835,-70.0995,44.71,55,20,13.8,few clouds
176,General Roca,AR,-39.0333,-67.5833,67.62,57,63,1.74,moderate rain
177,Slave Lake,CA,55.2834,-114.769,17.58,67,40,8.05,scattered clouds
178,Ishigaki,JP,24.3448,124.1572,80.73,83,75,12.66,broken clouds
179,Zhigansk,RU,66.7697,123.3711,-7.67,97,100,11.12,overcast clouds
180,Huntsville,US,34.7304,-86.5861,34.9,68,0,1.01,clear sky
181,Kapit,MY,2.0167,112.9333,74.46,99,100,1.23,heavy intensity rain
182,Kamaishi,JP,39.2667,141.8833,50.88,47,0,5.01,clear sky
183,Rio Gallegos,AR,-51.6226,-69.2181,53.65,43,0,2.3,clear sky
184,Ust-Nera,RU,64.5667,143.2,-21.14,98,69,5.12,broken clouds
185,Kapaa,US,22.0752,-159.319,82.38,77,40,13.8,scattered clouds
186,Makubetsu,JP,45.3714,141.8211,40.71,70,75,8.05,broken clouds
187,Fevik,NO,58.3794,8.6766,35.37,86,100,24.83,light rain
188,Katsuura,JP,35.1333,140.3,61.38,65,90,11.59,overcast clouds
189,Gladstone,AU,-23.85,151.25,81.79,44,17,12.66,few clouds
190,Leningradskiy,RU,69.3833,178.4167,6.71,95,100,15.48,light snow
191,Ponta Delgada,PT,37.7333,-25.6667,59.5,97,12,3.74,few clouds
192,Laguna,US,38.421,-121.4238,56.32,66,0,0.0,clear sky
193,Russkaya Polyana,UA,49.417,31.9201,29.19,82,100,7.34,overcast clouds
194,Esil,KZ,51.9556,66.4042,11.62,94,99,5.17,overcast clouds
195,Pisco,PE,-13.7,-76.2167,63.01,82,0,14.97,clear sky
196,Luanda,AO,-8.8368,13.2343,75.15,77,10,4.34,clear sky
197,Nalut,LY,30.3333,10.85,60.28,41,5,8.79,clear sky
198,Lavrentiya,RU,65.5833,-171.0,33.76,89,100,20.13,overcast clouds
199,Oranjemund,NA,-28.55,16.4333,56.07,89,43,8.5,scattered clouds
200,Majene,ID,-3.5403,118.9707,81.91,78,100,4.74,overcast clouds
201,Douglas,US,41.3,-96.167,23.59,61,40,16.11,scattered clouds
202,Najran,SA,17.4924,44.1277,57.85,36,0,0.63,clear sky
203,Fallon,US,39.4735,-118.7774,38.91,53,75,6.91,broken clouds
204,Torrox,ES,36.7579,-3.9523,63.37,93,77,7.09,broken clouds
205,Kalmunai,LK,7.4167,81.8167,76.78,76,100,11.41,overcast clouds
206,Nizhnevartovsk,RU,60.9344,76.5531,-1.98,71,0,13.42,clear sky
207,Klaksvik,FO,62.2266,-6.589,47.32,83,90,36.31,light rain
208,Gornozavodsk,RU,58.3758,58.3211,1.71,97,5,1.43,clear sky
209,Zhuanghe,CN,39.7008,122.9911,53.96,60,76,7.7,broken clouds
210,Tairua,NZ,-37.0167,175.85,67.37,81,74,11.07,broken clouds
211,Clyde River,CA,70.4692,-68.5914,-3.77,84,100,12.66,overcast clouds
212,Kahului,US,20.8947,-156.47,86.02,69,40,9.22,scattered clouds
213,Ulaanbaatar,MN,47.9077,106.8832,23.13,63,75,4.47,light snow
214,Caravelas,BR,-17.7125,-39.2481,72.46,92,100,11.83,light rain
215,Coihaique,CL,-45.5752,-72.0662,52.41,100,100,4.61,moderate rain
216,Uvat,RU,59.1433,68.8953,-3.66,90,6,7.72,clear sky
217,Kodiak,US,57.79,-152.4072,42.31,93,100,8.05,mist
218,Quatre Cocos,MU,-20.2078,57.7625,71.1,60,0,4.79,clear sky
219,Isangel,VU,-19.55,169.2667,87.91,74,75,5.75,broken clouds
220,Mahibadhoo,MV,3.7833,72.9667,80.74,80,100,16.31,moderate rain
221,Ullapool,GB,57.8987,-5.1604,48.34,93,100,4.41,moderate rain
222,Savannah Bight,HN,16.45,-85.85,82.08,74,33,13.78,light rain
223,Azanka,RU,58.0401,64.7893,-4.25,93,5,5.99,clear sky
224,Havelock,US,34.8791,-76.9013,46.92,93,0,0.0,clear sky
225,Broken Hill,AU,-31.95,141.4333,75.42,22,67,10.71,broken clouds
226,Busselton,AU,-33.65,115.3333,55.0,58,90,20.69,overcast clouds
227,Fairbanks,US,64.8378,-147.7164,15.6,85,0,3.44,clear sky
228,Mar Del Plata,AR,-38.0023,-57.5575,60.94,88,0,15.99,clear sky
229,Caohe,CN,30.2297,115.4335,63.14,65,100,3.13,overcast clouds
230,Celestun,MX,20.8667,-90.4,76.98,80,76,17.38,broken clouds
231,San Patricio,US,28.017,-97.5169,54.84,58,100,6.33,overcast clouds
232,Ust-Kishert,RU,57.3654,57.2495,4.75,93,15,3.31,few clouds
233,Rawah,IQ,34.4816,41.9093,56.71,68,0,3.71,clear sky
234,Snasa,NO,64.2457,12.3778,33.21,37,48,6.67,scattered clouds
235,Lulea,SE,65.5842,22.1547,10.47,92,100,5.75,overcast clouds
236,Agadez,NE,19.75,10.25,60.94,22,10,8.79,clear sky
237,Miri,MY,4.4148,114.0089,77.14,94,40,5.75,scattered clouds
238,Merrill,US,45.1805,-89.6835,21.38,87,100,8.05,overcast clouds
239,Paamiut,GL,61.994,-49.6678,18.81,61,100,2.51,overcast clouds
240,Olinda,BR,-8.0089,-34.8553,80.33,74,40,5.75,scattered clouds
241,Pochutla,MX,15.7432,-96.4661,76.82,88,65,3.94,light rain
242,Havoysund,NO,70.9963,24.6622,35.83,77,45,8.1,scattered clouds
243,Cap Malheureux,MU,-19.9842,57.6142,71.47,59,1,1.01,clear sky
244,Calama,CL,-22.4667,-68.9333,57.69,24,0,8.05,clear sky
245,Talnakh,RU,69.4865,88.3972,1.2,95,100,26.57,light snow
246,Nishihara,JP,26.1842,127.7558,80.26,88,75,5.75,broken clouds
247,Batangafo,CF,7.3008,18.2833,70.48,43,98,0.74,overcast clouds
248,Bengkulu,ID,-3.8004,102.2655,82.36,71,91,9.62,overcast clouds
249,Morondava,MG,-20.2833,44.2833,77.32,54,0,2.73,clear sky
250,Nosy Varika,MG,-20.5833,48.5333,73.2,90,100,6.93,overcast clouds
251,Codrington,AU,-38.2667,141.9667,67.8,59,40,9.69,scattered clouds
252,Rundu,NA,-17.9333,19.7667,71.38,43,2,2.93,clear sky
253,Ayan,RU,56.45,138.1667,20.19,54,95,0.94,overcast clouds
254,Luwuk,ID,-0.9516,122.7875,82.99,78,100,0.87,overcast clouds
255,Georgetown,MY,5.4112,100.3354,84.88,85,20,3.44,few clouds
256,Bafq,IR,31.6128,55.4107,56.93,81,100,1.16,light rain
257,Humboldt,US,40.6665,-123.9178,38.17,74,99,2.35,overcast clouds
258,Camana,PE,-16.6228,-72.7111,65.7,82,100,5.5,overcast clouds
259,Vardo,NO,70.3705,31.1107,39.18,70,100,4.61,overcast clouds
260,Opuwo,NA,-18.0607,13.84,69.53,51,10,3.27,clear sky
261,Faanui,PF,-16.4833,-151.75,78.93,78,16,6.58,moderate rain
262,Dankov,RU,53.2515,39.1555,24.37,93,100,10.4,overcast clouds
263,Pacific Grove,US,36.6177,-121.9166,58.55,75,0,3.44,clear sky
264,Ouadda,CF,8.0777,22.4007,66.88,39,99,4.41,overcast clouds
265,Palmas Bellas,PA,9.2319,-80.0867,77.25,92,100,2.24,moderate rain
266,Kibala,TD,9.1104,18.3463,64.35,94,0,0.0,clear sky
267,Bajos De Haina,DO,18.4154,-70.0332,77.32,93,20,0.0,few clouds
268,Kisangani,CD,0.5167,25.2,68.25,99,100,2.13,overcast clouds
269,Aykhal,RU,66.0,111.5,-26.66,100,53,6.17,broken clouds
270,Svetlogorsk,BY,52.6333,29.7333,25.7,85,97,6.91,overcast clouds
271,Omboue,GA,-1.5746,9.2618,73.8,92,99,3.89,overcast clouds
272,Veraval,IN,20.9,70.3667,77.95,39,0,10.47,clear sky
273,Meadow Lake,US,34.8014,-106.5436,40.12,40,2,2.73,clear sky
274,Katsuyama,JP,36.0617,136.501,62.96,47,0,3.53,clear sky
275,Bialystok,PL,53.1333,23.15,26.98,89,97,5.01,overcast clouds
276,Iqaluit,CA,63.7506,-68.5145,4.73,77,100,12.66,light snow
277,Muros,ES,42.7762,-9.0603,48.15,96,75,6.13,broken clouds
278,Kulevcha,UA,46.0303,29.9361,37.33,89,65,2.59,broken clouds
279,Cascais,PT,38.6979,-9.4215,59.94,99,71,18.99,broken clouds
280,Huarmey,PE,-10.0681,-78.1522,64.65,84,86,6.71,overcast clouds
281,Kyzyl-Suu,KG,42.3414,78.0056,30.36,62,91,5.55,overcast clouds
282,Zeya,RU,53.75,127.2667,21.65,75,23,1.12,few clouds
283,Tornio,FI,65.8481,24.1466,24.82,91,24,5.3,few clouds
284,Morros,BR,-9.4467,-46.3003,74.48,76,97,3.47,overcast clouds
285,Batagay,RU,67.6333,134.6333,-20.07,86,100,3.74,overcast clouds
286,Lata,PT,40.1629,-8.3327,58.82,97,70,3.94,light rain
287,Saurimo,AO,-9.6608,20.3916,61.41,98,47,2.68,scattered clouds
288,Muisne,EC,0.6,-80.0333,73.69,83,99,8.37,overcast clouds
289,Ende,ID,-8.8432,121.6623,88.27,63,86,3.91,overcast clouds
290,Tasiilaq,GL,65.6145,-37.6368,33.96,80,100,6.64,light snow
291,Lagoa,PT,39.05,-27.9833,60.35,56,42,6.67,scattered clouds
292,Marawi,PH,7.9986,124.2928,73.83,88,100,3.8,overcast clouds
293,Taoudenni,ML,22.6783,-3.9836,70.23,17,0,8.32,clear sky
294,Pangnirtung,CA,66.1451,-65.7125,-5.3,92,40,6.29,scattered clouds
295,Tupik,RU,54.4253,119.9327,15.39,89,69,1.57,broken clouds
296,Arman,RU,59.7,150.1667,-1.57,79,6,7.85,clear sky
297,Bandar-E Lengeh,IR,26.5579,54.8807,69.91,88,100,6.91,overcast clouds
298,Biak,ID,-0.9131,122.8766,80.96,76,100,1.97,overcast clouds
299,Sambava,MG,-14.2667,50.1667,73.13,87,62,2.15,light rain
300,Komatipoort,ZA,-25.4332,31.9548,71.06,94,1,2.44,clear sky
301,Ust-Kuyga,RU,70.0167,135.6,-31.67,98,93,6.17,overcast clouds
302,Severo-Yeniseyskiy,RU,60.3725,93.0408,-12.17,94,98,4.72,overcast clouds
303,Mount Gambier,AU,-37.8333,140.7667,72.39,41,99,8.95,overcast clouds
304,Lanigan,CA,51.8501,-105.0344,3.09,84,100,11.5,overcast clouds
305,Baruun-Urt,MN,46.6806,113.2792,34.63,33,100,6.08,overcast clouds
306,Ponta Do Sol,PT,32.6667,-17.1,68.72,75,22,7.92,few clouds
307,East London,ZA,-33.0153,27.9116,64.69,90,100,1.54,overcast clouds
308,Powell,US,40.1578,-83.0752,30.34,74,100,10.36,overcast clouds
309,Sakakah,SA,29.9697,40.2064,56.77,58,0,5.01,clear sky
310,Camapua,BR,-19.5314,-54.0439,71.51,41,0,5.55,clear sky
311,Novyy Buyan,RU,53.6861,50.0469,30.36,98,100,14.85,snow
312,Lompoc,US,34.6391,-120.4579,55.02,78,0,4.61,clear sky
313,Vrangel,RU,42.7297,133.0839,48.61,61,0,15.05,clear sky
314,Sozimskiy,RU,59.7418,52.2482,6.51,97,8,2.57,clear sky
315,Wanning,CN,18.8003,110.3967,81.54,75,6,10.45,clear sky
316,Dukat,RU,62.55,155.55,-14.1,96,100,4.94,overcast clouds
317,Muscat,OM,23.6139,58.5922,75.22,55,3,3.13,clear sky
318,Kondinskoye,RU,59.6481,67.41,-3.77,86,10,9.78,clear sky
319,Hillsboro,US,45.5229,-122.9898,44.26,57,0,10.0,clear sky
320,Tura,IN,25.5198,90.2201,71.73,64,2,3.51,clear sky
321,Ahuimanu,US,21.4447,-157.8378,82.11,74,75,9.22,broken clouds
322,Dickinson,US,29.4608,-95.0513,54.12,72,100,1.01,overcast clouds
323,Kapoeta,SS,4.7717,33.5903,75.47,66,57,7.09,light rain
324,Mehamn,NO,71.0357,27.8492,37.31,100,75,6.91,broken clouds
325,Terrace Bay,CA,48.7834,-87.1,22.24,77,100,6.51,overcast clouds
326,Torbay,CA,47.6666,-52.7314,44.76,83,100,25.32,overcast clouds
327,Pathein,MM,16.7833,94.7333,80.49,68,93,11.83,overcast clouds
328,Wenatchee,US,47.4235,-120.3103,34.47,71,0,8.01,clear sky
329,Gat,IL,31.61,34.7642,60.4,66,0,3.38,clear sky
330,Maroantsetra,MG,-15.4333,49.7333,73.29,85,70,3.94,broken clouds
331,Pitimbu,BR,-7.4706,-34.8086,77.59,83,42,8.34,scattered clouds
332,Henties Bay,NA,-22.116,14.2845,59.29,91,95,4.14,overcast clouds
333,Birjand,IR,32.8663,59.2211,55.87,28,75,6.91,broken clouds
334,Port Hardy,CA,50.6996,-127.4199,46.58,61,0,16.11,clear sky
335,Abu Dhabi,AE,24.4667,54.3667,73.96,86,50,1.14,scattered clouds
336,Matagami,CA,49.7502,-77.6328,14.11,85,100,11.5,overcast clouds
337,Chippewa Falls,US,44.9369,-91.3929,23.18,84,20,9.22,few clouds
338,Sao Joao Da Barra,BR,-21.6403,-41.0511,67.82,84,23,11.95,few clouds
339,Berlevag,NO,70.8578,29.0864,37.35,81,100,4.61,overcast clouds
340,Semirara,PH,12.0697,121.3986,82.09,80,100,26.42,light rain
341,Griffith,US,41.5284,-87.4237,32.05,71,40,16.11,scattered clouds
342,Soyo,AO,-6.1349,12.3689,75.65,76,67,1.7,broken clouds
343,Nova Odesa,UA,47.3078,31.7851,36.18,80,100,9.44,overcast clouds
344,Verkhnevilyuysk,RU,63.4453,120.3167,-12.17,94,22,4.9,few clouds
345,Vestmannaeyjar,IS,63.4427,-20.2734,45.28,87,100,18.48,light rain
346,Roald,NO,62.5833,6.1333,50.14,29,38,17.27,scattered clouds
347,Zarate,AR,-34.0981,-59.0286,72.84,60,69,5.99,broken clouds
348,San-Pedro,CI,4.7485,-6.6363,76.66,85,9,4.29,clear sky
349,Qaqortoq,GL,60.7167,-46.0333,18.39,91,100,3.2,light snow
350,Kangundo,KE,-1.2979,37.3471,58.24,88,99,1.12,overcast clouds
351,Tanggulangin,ID,-7.4996,112.6999,84.16,84,20,3.44,few clouds
352,Teguldet,RU,57.3064,88.1667,-2.49,88,13,0.92,few clouds
353,Edd,ER,13.9297,41.6925,81.77,35,1,14.52,clear sky
354,Beni,CD,0.5,29.4667,61.72,99,98,1.92,light rain
355,Baherden,TM,38.4362,57.4316,60.37,39,100,4.83,overcast clouds
356,Rocha,UY,-34.4833,-54.3333,60.13,90,88,2.51,overcast clouds
357,Kavaratti,IN,10.5669,72.642,82.49,62,7,9.51,clear sky
358,Moussoro,TD,13.6408,16.4901,71.62,21,2,10.33,clear sky
359,Byron Bay,AU,-28.65,153.6167,75.94,53,12,9.28,few clouds
360,Povenets,RU,62.8487,34.8262,25.68,88,48,2.55,scattered clouds
361,Fort Nelson,CA,58.8053,-122.7002,8.94,90,0,0.0,clear sky
362,Camocim,BR,-2.9022,-40.8411,78.49,78,69,10.87,broken clouds
363,Itamarandiba,BR,-17.8572,-42.8589,61.66,99,29,2.57,scattered clouds
364,Smithers,CA,54.7804,-127.1743,19.72,79,0,5.75,clear sky
365,Auki,SB,-8.7676,160.7034,81.99,80,98,4.74,overcast clouds
366,Vao,NC,-22.6667,167.4833,75.16,80,65,14.85,broken clouds
367,Samana,DO,19.2056,-69.3369,76.12,89,26,6.8,scattered clouds
368,De-Kastri,RU,51.4667,140.7833,29.05,69,100,4.07,overcast clouds
369,Surt,LY,31.2089,16.5887,68.18,43,6,12.1,clear sky
370,Cherskiy,RU,68.75,161.3,-26.99,100,100,5.19,overcast clouds
371,Agbor,NG,6.2518,6.1934,72.01,98,75,2.73,broken clouds
372,Port-Gentil,GA,-0.7193,8.7815,76.77,85,96,7.72,light rain
373,Aswan,EG,24.0934,32.907,58.3,47,0,5.75,clear sky
374,Rabo De Peixe,PT,37.8,-25.5833,58.28,97,13,3.36,few clouds
375,Shache,CN,38.4167,77.2406,40.73,20,39,2.17,scattered clouds
376,Sharjah,AE,25.3573,55.4033,76.98,83,0,3.44,clear sky
377,Touros,BR,-5.1989,-35.4608,78.01,74,12,13.6,few clouds
378,Bontang,ID,0.1333,117.5,82.18,78,100,8.88,overcast clouds
379,Ozernovskiy,RU,51.5,156.5167,30.74,71,100,11.56,overcast clouds
380,Namibe,AO,-15.1961,12.1522,69.33,84,89,4.97,overcast clouds
381,Camiri,BO,-20.05,-63.5167,74.44,37,97,1.61,overcast clouds
382,Spirit River,CA,55.7833,-118.8361,7.23,84,22,6.26,few clouds
383,Bilibino,RU,68.0546,166.4372,-27.51,100,90,1.66,overcast clouds
384,Ligayan,PH,4.6533,119.4706,82.13,76,38,5.41,scattered clouds
385,Romitan,UZ,39.9343,64.3814,44.55,65,0,2.3,clear sky
386,Kruisfontein,ZA,-34.0033,24.7314,60.89,72,100,1.32,overcast clouds
387,Alofi,NU,-19.0595,-169.9187,80.49,74,40,8.05,scattered clouds
388,Tateyama,JP,34.9833,139.8667,61.59,62,85,9.15,overcast clouds
389,Haines Junction,CA,60.7522,-137.5108,4.95,92,15,1.14,few clouds
390,Verkhnyaya Inta,RU,65.9811,60.3094,10.47,91,100,29.8,overcast clouds
391,Ahipara,NZ,-35.1667,173.1667,66.85,69,0,11.41,clear sky
392,Sao Desiderio,BR,-12.3633,-44.9733,70.88,90,99,3.09,overcast clouds
393,Kayes,ML,14.0,-11.0,76.37,19,91,7.18,overcast clouds
394,Agadir,MA,30.4202,-9.5982,66.65,83,56,5.46,broken clouds
395,Carauari,BR,-4.8828,-66.8958,71.98,99,100,2.37,overcast clouds
396,Comodoro Rivadavia,AR,-45.8667,-67.5,71.46,35,0,11.5,clear sky
397,Padang,ID,-0.9492,100.3543,82.45,75,100,5.44,overcast clouds
398,Clearwater,US,27.9659,-82.8001,60.91,61,0,10.0,clear sky
399,Gari,RU,59.4307,62.3497,3.56,84,5,8.14,clear sky
400,Namatanai,PG,-3.6667,152.4333,84.97,60,33,8.7,scattered clouds
401,Westport,US,41.1415,-73.3579,40.75,64,0,10.36,clear sky
402,Beisfjord,NO,68.3751,17.5988,27.05,39,67,9.69,broken clouds
403,Glencoe,ZA,-28.1783,30.147,60.89,85,62,2.13,broken clouds
404,Quelimane,MZ,-17.8786,36.8883,75.15,83,20,0.0,few clouds
405,Mecca,SA,21.4267,39.8261,75.92,72,0,2.75,clear sky
406,Rasulabad,IN,26.75,80.4833,57.15,44,0,3.74,clear sky
407,Eirunepe,BR,-6.6603,-69.8736,72.3,99,98,0.83,overcast clouds
408,Kupino,RU,54.3663,77.2981,6.89,92,15,5.97,few clouds
409,Vigrestad,NO,58.5667,5.7,40.68,68,36,34.58,scattered clouds
410,Half Moon Bay,US,37.4636,-122.4286,58.62,64,0,17.27,clear sky
411,Altoona,US,40.5187,-78.3947,32.83,73,76,5.99,broken clouds
412,Shilka,RU,51.85,116.0333,26.62,70,100,4.41,light snow
413,Heze,CN,35.2431,115.4411,54.21,83,100,8.37,overcast clouds
414,Nortelandia,BR,-14.4547,-56.8028,74.12,48,15,2.73,few clouds
415,Nampula,MZ,-15.1165,39.2666,70.25,86,5,3.78,clear sky
416,Athabasca,CA,54.7169,-113.2854,9.01,87,68,6.22,broken clouds
417,Yulara,AU,-25.2406,130.9889,86.41,40,65,23.02,broken clouds
418,Hammerfest,NO,70.6634,23.6821,32.45,80,61,3.44,broken clouds
419,Karaton,ID,-6.3424,106.1045,82.22,74,100,8.14,overcast clouds
420,Talalayivka,UA,50.9578,31.9209,23.27,86,9,5.84,clear sky
421,Dongying,CN,37.4564,118.4856,59.85,56,100,5.55,overcast clouds
422,Santa Maria,BR,-29.6842,-53.8069,67.3,52,0,9.22,clear sky
423,Saint Anthony,US,45.0205,-93.218,25.75,80,100,17.27,overcast clouds
424,Flinders,AU,-34.5833,150.8552,64.26,57,36,12.08,scattered clouds
425,Kirakira,SB,-10.4544,161.9205,80.74,83,100,8.41,overcast clouds
426,Stephenville,US,32.2207,-98.2023,46.56,60,0,0.0,clear sky
427,Fare,PF,-16.7,-151.0167,80.08,71,36,3.13,light rain
428,Saint-Augustin,CA,51.226,-58.6502,28.09,95,100,19.04,snow
429,Erzin,TR,36.9559,36.2,59.16,80,70,3.65,broken clouds
430,Taltal,CL,-25.4,-70.4833,63.79,86,45,2.28,scattered clouds
431,Tecoanapa,MX,16.5167,-98.75,78.78,81,51,6.08,broken clouds
432,Cherat,PK,33.8233,71.8915,40.93,30,99,2.37,overcast clouds
433,Chuy,UY,-33.6971,-53.4616,63.46,66,62,3.31,broken clouds
434,Agirish,RU,61.9247,63.0231,6.66,73,100,10.8,overcast clouds
435,Ambulu,ID,-8.345,113.6058,78.26,87,100,1.19,overcast clouds
436,Tibiri,NE,13.5627,7.0485,68.76,22,71,9.89,broken clouds
437,Basco,PH,20.4487,121.9702,81.28,80,17,18.7,few clouds
438,Yenagoa,NG,4.9247,6.2642,74.48,93,44,3.51,scattered clouds
439,Nichinan,JP,31.6,131.3667,60.48,92,100,8.81,overcast clouds
440,Hohhot,CN,40.8106,111.6522,41.29,60,20,4.47,few clouds
441,Norman Wells,CA,65.282,-126.8329,-7.56,77,20,0.0,few clouds
442,Strezhevoy,RU,60.7333,77.5889,1.96,76,100,13.78,overcast clouds
443,Cayhagan,PH,9.6697,122.4256,81.36,78,94,11.68,overcast clouds
444,Trincomalee,LK,8.5711,81.2335,79.59,69,95,8.61,overcast clouds
445,Warmbad,NA,-28.45,18.7333,58.8,37,3,6.29,clear sky
446,Cooma,AU,-36.2333,149.1333,66.0,35,3,3.85,clear sky
447,Snyder,US,32.7179,-100.9176,46.74,39,0,6.91,clear sky
448,Lazaro Cardenas,MX,17.9583,-102.2,77.23,85,100,3.53,overcast clouds
449,Cabedelo,BR,-6.9811,-34.8339,77.67,84,39,8.39,scattered clouds
450,Plerin,FR,48.5425,-2.7798,48.2,93,21,8.01,light rain
451,Hamilton,US,39.1834,-84.5333,30.97,74,100,6.91,haze
452,Tukan,RU,53.8409,57.4552,16.5,91,100,4.47,overcast clouds
453,Ust-Ilimsk,RU,58.0006,102.6619,6.75,89,65,6.8,broken clouds
454,South Venice,US,27.0531,-82.4243,61.99,61,0,8.05,clear sky
455,Aguimes,ES,27.9054,-15.4461,65.03,77,20,12.66,few clouds
456,Luderitz,NA,-26.6481,15.1594,57.6,64,42,13.47,scattered clouds
457,Seoul,KR,37.5683,126.9778,54.97,65,0,2.3,clear sky
458,Atambua,ID,-9.1061,124.8925,87.3,56,52,5.3,broken clouds
459,Hanmer Springs,NZ,-42.5167,172.8167,57.4,97,100,4.79,overcast clouds
460,Ornes,NO,66.8689,13.7078,44.76,29,46,7.54,scattered clouds
461,Grand Gaube,MU,-20.0064,57.6608,72.37,58,1,1.01,clear sky
462,Bairiki,KI,1.3292,172.9752,86.0,70,20,13.8,few clouds
463,Dwarka,IN,22.2394,68.9678,78.82,57,0,8.39,clear sky
464,Ekhabi,RU,53.5102,142.9671,23.54,76,100,6.24,overcast clouds
465,Buin,CL,-33.7333,-70.75,73.74,62,5,1.88,clear sky
466,Slonim,BY,53.0867,25.3219,27.7,96,100,4.61,light snow
467,Tiznit,MA,29.5833,-9.5,59.29,86,68,2.68,broken clouds
468,Pimenta Bueno,BR,-11.6725,-61.1936,76.91,75,100,2.55,light rain
469,Ketchikan,US,55.3422,-131.6461,34.27,80,0,3.51,clear sky
470,Pemberton,CA,50.3164,-122.8027,30.67,85,6,3.22,clear sky
471,Kulynychi,UA,49.9823,36.3842,26.58,93,99,10.74,overcast clouds
472,Jibuti,DJ,11.5,42.5,68.5,77,6,10.47,clear sky
473,Santa Rosa,PH,14.3122,121.1114,87.12,84,100,14.92,light rain
474,Rodrigues Alves,BR,-7.738,-72.6509,71.19,99,75,1.05,broken clouds
475,Kommunar,RU,59.6206,30.39,26.13,86,13,7.0,few clouds
476,Tailai,CN,46.3833,123.4,43.09,32,2,2.77,clear sky
477,Puga,MX,21.5833,-104.8167,64.4,74,6,1.95,clear sky
478,Bandarbeyla,SO,9.4942,50.8122,76.33,75,9,11.97,clear sky
479,Trairi,BR,-3.2778,-39.2689,79.48,74,64,11.45,broken clouds
480,Genhe,CN,50.7833,121.5167,22.69,79,79,2.51,broken clouds
481,Mae Hong Son,TH,19.3003,97.9685,77.14,88,75,0.0,mist
482,Lorengau,PG,-2.0226,147.2712,85.86,64,98,6.31,overcast clouds
483,Itajobi,BR,-21.3181,-49.0544,68.85,54,0,16.46,clear sky
484,Taraz,KZ,42.9,71.3667,23.41,93,100,4.47,overcast clouds
485,Mushie,CD,-3.0167,16.9,69.4,99,100,3.15,moderate rain
486,West Wendover,US,40.7391,-114.0733,33.01,64,0,0.0,clear sky
487,Guapore,BR,-28.8456,-51.8903,55.67,80,0,2.06,clear sky
488,Pouembout,NC,-21.1333,164.9,83.3,62,31,9.51,scattered clouds
489,Chengde,CN,40.9725,117.9361,46.94,40,100,3.58,overcast clouds
490,The Valley,AI,18.217,-63.0578,80.82,73,7,20.0,clear sky
491,Phuthaditjhaba,ZA,-28.5242,28.8158,57.24,31,1,3.31,clear sky
492,Sorland,NO,67.667,12.6934,44.46,52,45,8.9,scattered clouds
493,Tarumovka,RU,44.0761,46.5361,46.51,91,24,10.6,few clouds
494,Yudong,CN,29.385,106.5194,63.5,83,100,1.68,overcast clouds
495,San Quintin,MX,30.4833,-115.95,61.34,45,99,6.04,overcast clouds
496,Price,US,39.5994,-110.8107,32.11,46,0,8.05,clear sky
497,Begoro,GH,6.3871,-0.3774,68.29,91,93,2.98,overcast clouds
498,Helena,US,46.5927,-112.0361,6.17,79,0,4.0,clear sky
499,Winnemucca,US,40.973,-117.7357,38.82,40,100,4.34,overcast clouds
500,Swellendam,ZA,-34.0226,20.4417,53.51,87,97,0.11,overcast clouds
501,Belaya Gora,RU,68.5333,146.4167,-15.48,96,100,4.34,overcast clouds
502,Alexandria,EG,31.2156,29.9553,63.99,61,0,7.18,clear sky
503,Pacifica,US,37.6138,-122.4869,57.67,78,75,17.27,broken clouds
504,Poltavka,RU,54.3663,71.7632,2.19,97,18,0.72,few clouds
505,Skibbereen,IE,51.55,-9.2667,46.11,75,19,14.32,few clouds
506,Saint-Louis,SN,16.3333,-15.0,81.25,18,19,9.01,few clouds
507,Conceicao Do Araguaia,BR,-8.2578,-49.2647,73.81,92,77,2.01,broken clouds
508,Benghazi,LY,32.1167,20.0667,69.13,68,18,9.82,few clouds
509,Berekum,GH,7.4534,-2.584,67.28,65,70,2.84,broken clouds
510,Constitucion,CL,-35.3333,-72.4167,56.08,92,97,11.3,overcast clouds
511,Portland,US,45.5234,-122.6762,44.82,53,0,25.32,clear sky
512,Shimoda,JP,34.6667,138.95,62.96,64,90,9.51,overcast clouds
513,Point Pedro,LK,9.8167,80.2333,81.07,64,82,14.43,broken clouds
514,Tangzhai,CN,34.4328,116.5911,57.45,72,100,10.36,overcast clouds
515,Grand-Santi,GF,4.25,-54.3833,73.6,90,79,2.66,broken clouds
516,Male,MV,4.1748,73.5089,81.66,76,85,14.45,overcast clouds
517,Opotiki,NZ,-38.0833,177.2833,68.38,65,49,8.84,light rain
518,Ust-Kut,RU,56.7938,105.7672,15.75,83,99,8.21,overcast clouds
519,Tual,ID,-5.6667,132.75,82.04,79,100,10.31,overcast clouds
520,Rockport,US,28.0206,-97.0544,55.0,100,100,11.5,overcast clouds
521,Barreirinha,BR,-2.7933,-57.07,81.88,51,98,0.83,overcast clouds
522,Penalva,BR,-3.2942,-45.1736,74.8,91,9,4.18,clear sky
523,Puerto Escondido,MX,15.85,-97.0667,79.63,65,0,2.3,clear sky
524,Balkanabat,TM,39.5108,54.3671,55.92,76,56,5.84,broken clouds
525,Oistins,BB,13.0667,-59.5333,80.69,78,40,17.27,scattered clouds
526,Namtsy,RU,62.7161,129.6658,-8.72,96,100,4.97,overcast clouds
527,Aksu,CN,41.1231,80.2644,38.19,35,71,1.39,broken clouds
528,Corsicana,US,32.0954,-96.4689,50.02,61,0,5.75,clear sky
529,Dali,CN,25.7,100.1833,58.93,37,0,1.25,clear sky
530,Guerrero Negro,MX,27.9769,-114.0611,63.36,63,5,6.13,clear sky
531,Hargeysa,SO,9.56,44.065,57.72,96,24,8.75,few clouds
532,Gondanglegi,ID,-7.7479,112.0132,82.96,70,100,7.02,overcast clouds
533,Hastings,GB,50.8552,0.5729,51.3,76,99,22.62,overcast clouds
534,Yagodnoye,RU,62.55,149.6667,-28.12,96,6,3.69,clear sky
535,Assiniboia,CA,49.6334,-105.9845,-0.58,78,42,14.97,scattered clouds
536,Koson,UZ,39.0375,65.585,62.92,24,100,6.15,overcast clouds
537,Sola,VU,-13.8833,167.55,82.65,70,5,11.86,clear sky
538,Yining,CN,29.0361,114.5636,58.08,91,100,1.99,overcast clouds
539,Saint-Georges,GD,12.0564,-61.7485,80.28,83,20,10.36,few clouds
540,Qasigiannguit,GL,68.8193,-51.1922,19.65,93,100,3.71,overcast clouds
541,Santa Marta,CO,11.2408,-74.199,82.89,76,75,9.22,broken clouds
542,Venice,US,27.0998,-82.4543,61.99,62,0,8.05,clear sky
543,Honningsvag,NO,70.9821,25.9704,35.35,93,100,12.66,overcast clouds
544,Okhotsk,RU,59.3833,143.3,-0.06,69,10,12.57,clear sky
545,Baykit,RU,61.67,96.37,-16.29,98,97,2.77,overcast clouds
546,Shingu,JP,33.7333,135.9833,62.42,53,0,5.1,clear sky
547,Potam,MX,27.6,-110.3833,67.89,63,0,10.31,clear sky
548,Cocobeach,GA,1.0002,9.5823,76.91,84,100,5.1,overcast clouds
549,Viedma,AR,-40.8135,-62.9967,65.43,85,100,1.59,moderate rain
550,Illela,NG,13.7292,5.2975,70.38,22,60,10.09,broken clouds
551,Quesnel,CA,52.9999,-122.5029,18.1,86,100,0.0,overcast clouds
552,Awbari,LY,26.5921,12.7805,62.17,23,3,7.94,clear sky
553,Liwale,TZ,-9.7667,37.9333,66.87,97,76,2.1,broken clouds
554,Altay,CN,47.8667,88.1167,16.23,60,9,4.65,clear sky
555,College,US,64.8569,-147.8028,15.58,85,20,3.44,few clouds
556,Katangli,RU,51.7102,143.2326,28.33,72,33,6.26,scattered clouds
557,Flin Flon,CA,54.7682,-101.865,10.9,82,100,10.04,overcast clouds
558,Heihe,CN,50.2441,127.4902,21.78,80,12,9.57,few clouds
559,Orocuina,HN,13.4817,-87.105,75.65,77,12,5.1,few clouds
560,Itoman,JP,26.1247,127.6694,80.98,86,40,5.75,scattered clouds
561,Champerico,GT,14.3,-91.9167,80.98,77,5,2.82,clear sky
562,Ofaqim,IL,31.3141,34.6203,60.53,68,0,2.24,clear sky
563,Moen,NO,69.1304,18.6123,11.12,85,0,1.14,clear sky
564,Lohja,FI,60.2486,24.0653,32.45,71,10,7.4,clear sky
565,Tabory,RU,58.5198,64.5495,-1.84,89,5,5.88,clear sky
566,Vanavara,RU,60.34,102.2797,-15.16,97,56,3.87,broken clouds
567,Udachnyy,RU,66.4167,112.4,-29.51,99,21,4.07,few clouds
568,Hami,CN,42.8,93.45,38.64,60,71,2.8,broken clouds
569,Buraydah,SA,26.326,43.975,64.85,88,100,14.65,overcast clouds
570,Kununurra,AU,-15.7667,128.7333,94.98,46,26,9.22,scattered clouds
571,Chihuahua,MX,28.5,-106.0,47.44,46,3,4.63,clear sky
572,Carmelo,UY,-33.9892,-58.2856,72.03,51,95,11.92,overcast clouds
573,La Rioja,ES,42.25,-2.5,42.58,83,100,2.06,overcast clouds
574,Grand Baie,MU,-20.0182,57.5802,72.45,58,1,1.01,clear sky
575,Xining,CN,36.6167,101.7667,37.11,70,53,1.81,broken clouds
576,Wenling,CN,28.3669,121.36,66.96,82,90,7.65,overcast clouds
577,Valparaiso,CL,-33.0393,-71.6273,56.84,88,0,3.44,clear sky
578,Atbasar,KZ,51.8,68.3333,8.55,98,100,4.7,overcast clouds
579,Denpasar,ID,-8.65,115.2167,80.26,88,75,3.44,broken clouds
580,Novo Cruzeiro,BR,-17.4681,-41.8753,64.45,97,100,4.36,overcast clouds
581,Jinka,ET,5.65,36.65,63.3,65,25,1.88,scattered clouds
582,Nakamura,JP,32.9833,132.9333,64.98,65,7,4.68,clear sky
583,Malanje,AO,-9.5402,16.341,61.09,90,99,1.43,overcast clouds
584,Charleston,US,32.7766,-79.9309,43.02,87,0,4.61,clear sky
585,Maragogi,BR,-9.0122,-35.2225,76.5,85,50,7.4,scattered clouds
586,Ixtapa,MX,20.7,-105.2,76.23,78,0,2.3,clear sky
587,Zhanakorgan,KZ,43.9098,67.2495,38.48,51,100,6.38,overcast clouds
588,Puerto Carreno,CO,6.189,-67.4859,75.76,88,100,0.98,heavy intensity rain
589,Broome,US,42.2506,-75.833,31.19,82,20,6.91,few clouds
590,Kytmanovo,RU,53.4593,85.4479,20.41,91,100,4.47,overcast clouds
591,Turangi,NZ,-39.0,175.9333,57.87,97,100,4.14,overcast clouds
592,Moose Factory,CA,51.2585,-80.6094,17.6,79,100,8.05,overcast clouds
593,Port Hedland,AU,-20.3167,118.5667,86.05,28,1,11.5,clear sky
594,Sturgis,US,41.7992,-85.4192,31.06,88,100,14.97,light snow
595,Scottsbluff,US,41.8666,-103.6672,16.03,61,0,13.8,clear sky
596,Oktyabrskoye,RU,43.0645,44.7417,26.74,93,4,8.95,clear sky
597,Tokur,RU,53.1333,132.9,17.94,88,100,2.15,overcast clouds
598,Burnie,AU,-41.0667,145.9167,61.95,60,15,7.31,few clouds
599,Nevelsk,RU,46.6733,141.8633,36.46,65,100,7.94,overcast clouds
600,Chabua,IN,27.4825,95.1736,71.55,68,20,5.75,haze
601,Belyy Yar,RU,53.6039,91.3903,24.85,65,0,13.42,clear sky
602,Winchester,GB,51.0651,-1.3187,48.51,89,75,8.05,broken clouds
603,Savannakhet,LA,16.566,104.751,82.42,69,20,4.61,mist
604,Londrina,BR,-23.3103,-51.1628,71.26,53,0,4.61,clear sky
605,Nuevo Progreso,MX,23.1667,-97.95,57.47,71,100,8.01,overcast clouds
606,Arequipa,PE,-16.3989,-71.535,59.07,44,0,3.44,clear sky
607,Tazovskiy,RU,67.4667,78.7,16.09,92,100,21.63,light snow
608,Pedernales,DO,18.0384,-71.744,78.91,74,28,1.66,light rain
609,Ulety,RU,51.3572,112.4849,26.1,78,100,8.61,overcast clouds
610,Benguela,AO,-12.5763,13.4055,74.05,81,100,6.49,light rain
611,Leshukonskoye,RU,64.8989,45.7622,25.0,96,100,7.94,light snow
612,Correntina,BR,-13.3433,-44.6367,68.74,91,78,1.12,broken clouds
613,Kapiri Mposhi,ZM,-13.9652,28.6809,64.72,61,1,5.03,clear sky
614,Domoni,KM,-12.2569,44.5319,77.65,82,45,5.46,scattered clouds
615,Sao Miguel Do Araguaia,BR,-13.275,-50.1628,76.26,67,7,4.61,clear sky
616,Deputatskiy,RU,69.3,139.9,-26.41,98,19,2.3,few clouds
617,Mirabad,AF,30.4362,61.8383,62.71,29,95,8.05,overcast clouds
618,Evensk,RU,61.95,159.2333,10.24,96,100,10.8,light snow
619,Mabaruma,GY,8.2,-59.7833,72.91,99,93,1.92,overcast clouds
620,Ratlam,IN,23.3167,75.0667,66.97,38,0,6.89,clear sky
621,Khanpur,PK,28.6453,70.6567,69.31,28,3,5.7,clear sky
622,Sobolevo,RU,54.4299,31.8996,21.51,82,89,10.31,overcast clouds
623,Kilgore,US,32.3863,-94.8758,42.3,81,0,0.0,clear sky
624,Bennettsville,US,34.6174,-79.6848,40.08,85,0,0.0,clear sky
625,Fergus Falls,US,46.283,-96.0776,18.16,92,100,19.57,overcast clouds
626,Richards Bay,ZA,-28.783,32.0377,70.5,96,100,4.25,light rain
627,Mykhaylivka,UA,47.2724,35.2224,38.14,83,100,11.9,overcast clouds
628,Port Keats,AU,-14.25,129.55,88.07,64,28,8.34,scattered clouds
629,Sosua,DO,19.7667,-70.5167,77.23,94,40,0.0,scattered clouds
630,Ostersund,SE,63.1792,14.6357,23.45,100,100,11.01,overcast clouds
631,Horni Plana,CZ,48.7674,14.0326,41.94,99,99,2.93,overcast clouds
632,Ucluelet,CA,48.9329,-125.5528,43.09,64,0,8.68,clear sky
633,Ormara,PK,25.2088,64.6357,77.31,60,5,7.16,clear sky
634,Kestel,TR,40.1983,29.2124,56.68,65,100,4.12,overcast clouds
635,Kaeo,NZ,-35.1,173.7833,74.32,69,1,14.25,clear sky
636,Ust-Omchug,RU,61.15,149.6333,-22.05,98,43,1.45,scattered clouds
637,Hofn,IS,64.2539,-15.2082,45.59,95,100,12.64,overcast clouds
638,San Felipe,VE,10.3399,-68.7425,71.65,99,100,0.74,overcast clouds
639,Seversk,RU,56.6006,84.8864,2.86,84,12,0.83,few clouds
640,Stokmarknes,NO,68.5646,14.9108,24.78,80,96,3.44,overcast clouds
641,Tourlaville,FR,49.6383,-1.5664,49.42,87,0,13.8,clear sky
642,Marsh Harbour,BS,26.5412,-77.0636,75.4,77,100,17.4,overcast clouds
643,Bloemhof,ZA,-27.6469,25.607,70.21,50,2,9.71,clear sky
644,Emba,KZ,48.8264,58.1442,27.46,72,100,16.08,overcast clouds
645,Mayor Pablo Lagerenza,PY,-19.9309,-60.7718,73.99,36,7,6.02,clear sky
646,Diego De Almagro,CL,-26.3667,-70.05,64.35,63,8,0.72,clear sky
647,La Palma,US,33.8464,-118.0467,67.51,43,75,10.36,haze
648,Fort-Shevchenko,KZ,44.5086,50.263,46.06,75,8,9.86,clear sky
649,Zychlin,PL,52.244,19.6261,29.35,80,9,6.24,clear sky
650,Merauke,ID,-8.4667,140.3333,86.54,69,95,1.34,overcast clouds
651,Goias,BR,-15.5807,-49.6362,74.16,50,29,3.27,scattered clouds
652,Lasa,IT,46.6166,10.7002,43.68,92,100,1.41,overcast clouds
653,Yangambi,CD,0.8102,24.4336,67.98,98,100,1.61,overcast clouds
654,Korla,CN,41.7597,86.1469,38.82,33,4,3.44,clear sky
655,Ampanihy,MG,-24.7,44.75,68.68,85,0,4.59,clear sky
656,Silale,LT,55.4906,22.1814,26.37,84,34,12.77,scattered clouds
657,Petropavlovsk-Kamchatskiy,RU,53.0452,158.6483,25.39,46,0,2.24,clear sky
658,Teya,RU,60.3778,92.6267,-10.71,96,100,5.06,overcast clouds
659,Kenitra,MA,34.261,-6.5802,59.76,73,100,9.13,overcast clouds
660,Skjervoy,NO,70.0311,20.9714,32.0,44,95,9.86,overcast clouds
661,Lusambo,CD,-4.9667,23.45,65.55,96,72,1.07,broken clouds
662,Manggar,ID,-2.8833,108.2667,81.1,78,100,3.13,heavy intensity rain
663,Mayumba,GA,-3.432,10.6554,74.3,90,99,3.04,overcast clouds
664,Nakhon Phanom,TH,17.3333,104.4167,85.8,55,31,3.27,scattered clouds
665,Anadyr,RU,64.75,177.4833,12.7,79,20,17.9,few clouds
666,Hokitika,NZ,-42.7167,170.9667,61.95,88,100,5.01,overcast clouds
667,Suruc,TR,36.9761,38.425,54.57,74,88,4.29,light rain
668,Doha,QA,25.2867,51.5333,78.78,78,0,4.61,clear sky
669,Mana,GF,5.6592,-53.7767,78.3,85,77,9.71,broken clouds
670,Abu Kamal,SY,34.4506,40.9171,57.97,65,0,3.27,clear sky
671,Yaounde,CM,3.8667,11.5167,71.13,100,75,2.3,light rain
672,Vega De Alatorre,MX,20.0333,-96.6333,63.0,89,100,18.01,overcast clouds
673,Pangody,RU,65.85,74.4859,14.65,92,100,21.7,overcast clouds
674,Nabire,ID,-3.3667,135.4833,84.87,69,100,3.85,overcast clouds
675,Obidos,BR,-1.9175,-55.5181,79.05,59,55,3.6,broken clouds
676,Kyaikkami,MM,16.08,97.5675,80.8,76,93,7.36,overcast clouds
677,Kuching,MY,1.55,110.3333,82.22,95,40,3.44,light rain
678,Talara,PE,-4.5772,-81.2719,64.63,89,90,14.38,overcast clouds
679,Tezu,IN,27.9167,96.1667,72.77,32,0,2.33,clear sky
680,Lethem,GY,3.3803,-59.7968,81.12,68,99,4.03,light rain
681,Pundaguitan,PH,6.3711,126.1689,80.96,83,100,13.33,overcast clouds
682,Bathsheba,BB,13.2167,-59.5167,81.21,78,40,17.27,scattered clouds
683,Le Port,RE,-20.9373,55.2919,76.89,71,12,3.53,few clouds
684,Atikokan,CA,48.7555,-91.6216,19.65,91,100,9.26,overcast clouds
685,Mareeba,AU,-17.0,145.4333,93.43,48,35,10.29,scattered clouds
686,Conway,US,35.0887,-92.4421,40.8,63,75,3.44,broken clouds
687,Carutapera,BR,-1.195,-46.02,76.03,91,10,5.84,clear sky
688,Ialibu,PG,-6.2821,143.9935,65.5,85,100,1.16,overcast clouds
689,Tanabe,JP,33.7333,135.3667,63.61,45,20,5.75,few clouds
690,Chapais,CA,49.7834,-74.8492,17.38,93,100,9.15,light snow
691,Batagay-Alyta,RU,67.8006,130.4114,-17.63,95,100,0.92,overcast clouds
692,Lubango,AO,-14.9172,13.4925,58.86,85,73,1.1,broken clouds
693,Phek,IN,25.6667,94.5,56.95,61,12,1.57,few clouds
694,Abbeville,FR,50.1,1.8333,53.56,76,91,12.77,light rain
695,Lashio,MM,22.9333,97.75,71.17,53,44,1.05,scattered clouds
696,Iskateley,RU,67.6803,53.1512,27.27,79,92,16.15,overcast clouds
697,Sandur,IN,15.1,76.55,70.65,49,4,4.43,clear sky
698,Bilma,NE,18.6853,12.9164,65.28,24,27,7.2,scattered clouds
699,Dillon,US,34.4166,-79.3712,40.1,47,0,6.24,clear sky
700,Imbituba,BR,-28.24,-48.6703,62.89,86,63,3.51,broken clouds
701,Kendari,ID,-3.945,122.4989,85.8,65,100,4.12,overcast clouds
702,Shirhatti,IN,15.2333,75.5833,69.42,43,35,8.93,scattered clouds
703,Mogadishu,SO,2.0371,45.3438,78.93,84,6,9.48,clear sky
704,Singaraja,ID,-8.112,115.0882,81.43,81,100,5.14,light rain
705,Katherine,AU,-14.4667,132.2667,95.32,36,19,2.3,few clouds
706,Churapcha,RU,62.0025,132.4325,-6.77,95,100,5.28,overcast clouds
707,Coffs Harbour,AU,-30.3,153.1333,71.56,49,29,11.5,scattered clouds
708,Chiang Khong,TH,20.2613,100.4046,79.5,72,52,0.16,broken clouds
709,Koutsouras,GR,35.0339,25.9469,62.11,84,29,9.82,scattered clouds
710,Kargasok,RU,59.0556,80.8572,-7.33,90,44,7.31,scattered clouds
711,Wang Noi,TH,14.2269,100.7155,89.02,77,99,3.98,overcast clouds
